{
  "hash": "d5aa212b",
  "configHash": "d91895ce",
  "lockfileHash": "223cf5cd",
  "browserHash": "78069385",
  "optimized": {
    "@angular/common/http": {
      "src": "../../../../../node_modules/@angular/common/fesm2022/http.mjs",
      "file": "@angular_common_http.js",
      "fileHash": "faed0eec",
      "needsInterop": false
    },
    "@angular/core": {
      "src": "../../../../../node_modules/@angular/core/fesm2022/core.mjs",
      "file": "@angular_core.js",
      "fileHash": "7bbbd239",
      "needsInterop": false
    },
    "@angular/platform-browser": {
      "src": "../../../../../node_modules/@angular/platform-browser/fesm2022/platform-browser.mjs",
      "file": "@angular_platform-browser.js",
      "fileHash": "9049838f",
      "needsInterop": false
    },
    "@angular/router": {
      "src": "../../../../../node_modules/@angular/router/fesm2022/router.mjs",
      "file": "@angular_router.js",
      "fileHash": "1f039e35",
      "needsInterop": false
    },
    "@angular/common": {
      "src": "../../../../../node_modules/@angular/common/fesm2022/common.mjs",
      "file": "@angular_common.js",
      "fileHash": "1c516f53",
      "needsInterop": false
    },
    "@angular/forms": {
      "src": "../../../../../node_modules/@angular/forms/fesm2022/forms.mjs",
      "file": "@angular_forms.js",
      "fileHash": "e2e789cf",
      "needsInterop": false
    }
  },
  "chunks": {
    "chunk-JL5MJ3DL": {
      "file": "chunk-JL5MJ3DL.js"
    },
    "chunk-ZAN7557F": {
      "file": "chunk-ZAN7557F.js"
    },
    "chunk-Z6CPQRJN": {
      "file": "chunk-Z6CPQRJN.js"
    },
    "chunk-N3XTPJSH": {
      "file": "chunk-N3XTPJSH.js"
    }
  }
}