{
  "hash": "3fda1e94",
  "configHash": "8af70522",
  "lockfileHash": "80ec9e85",
  "browserHash": "82da06d4",
  "optimized": {
    "@angular/core": {
      "src": "../../../../../node_modules/@angular/core/fesm2022/core.mjs",
      "file": "@angular_core.js",
      "fileHash": "438f161b",
      "needsInterop": false
    },
    "@angular/platform-browser": {
      "src": "../../../../../node_modules/@angular/platform-browser/fesm2022/platform-browser.mjs",
      "file": "@angular_platform-browser.js",
      "fileHash": "70865c46",
      "needsInterop": false
    },
    "@angular/router": {
      "src": "../../../../../node_modules/@angular/router/fesm2022/router.mjs",
      "file": "@angular_router.js",
      "fileHash": "75c4ec12",
      "needsInterop": false
    },
    "@angular/forms": {
      "src": "../../../../../node_modules/@angular/forms/fesm2022/forms.mjs",
      "file": "@angular_forms.js",
      "fileHash": "a6bb07a8",
      "needsInterop": false
    }
  },
  "chunks": {
    "chunk-4SBSA63S": {
      "file": "chunk-4SBSA63S.js"
    },
    "chunk-GNYGD56L": {
      "file": "chunk-GNYGD56L.js"
    },
    "chunk-ORNJK7UO": {
      "file": "chunk-ORNJK7UO.js"
    }
  }
}